{
    "name": "dmcas_lift",
    "revision": 0,
    "order": 0,
    "parameterMap": {
        "_NObs_": {
            "parameter": "_NObs_",
            "type": "num",
            "label": "Sum of Frequencies",
            "length": 8,
            "order": 9,
            "values": [
                "_NObs_"
            ],
            "preformatted": false
        },
        "_Depth_": {
            "parameter": "_Depth_",
            "type": "num",
            "label": "Depth",
            "length": 8,
            "order": 7,
            "values": [
                "_Depth_"
            ],
            "preformatted": false
        },
        "_CumRespBest_": {
            "parameter": "_CumRespBest_",
            "type": "num",
            "label": "Best Cumulative Captured Response Percentage",
            "length": 8,
            "order": 17,
            "values": [
                "_CumRespBest_"
            ],
            "preformatted": false
        },
        "_formattedPartition_": {
            "parameter": "_formattedPartition_",
            "type": "char",
            "label": "Formatted Partition",
            "length": 12,
            "order": 4,
            "values": [
                "_formattedPartition_"
            ],
            "preformatted": false
        },
        "_Column_": {
            "parameter": "_Column_",
            "type": "char",
            "label": "Analysis Variable",
            "length": 8,
            "order": 5,
            "values": [
                "_Column_"
            ],
            "preformatted": false
        },
        "_RespBest_": {
            "parameter": "_RespBest_",
            "type": "num",
            "label": "Best Captured Response Percentage",
            "length": 8,
            "order": 13,
            "values": [
                "_RespBest_"
            ],
            "preformatted": false
        },
        "_DataRole_": {
            "parameter": "_DataRole_",
            "type": "char",
            "label": "Data Role",
            "length": 10,
            "order": 2,
            "values": [
                "_DataRole_"
            ],
            "preformatted": false
        },
        "_CumResp_": {
            "parameter": "_CumResp_",
            "type": "num",
            "label": "Cumulative Captured Response Percentage",
            "length": 8,
            "order": 16,
            "values": [
                "_CumResp_"
            ],
            "preformatted": false
        },
        "_PctRespBest_": {
            "parameter": "_PctRespBest_",
            "type": "num",
            "label": "Best Response Percentage",
            "length": 8,
            "order": 21,
            "values": [
                "_PctRespBest_"
            ],
            "preformatted": false
        },
        "_Gain_": {
            "parameter": "_Gain_",
            "type": "num",
            "label": "Gain",
            "length": 8,
            "order": 24,
            "values": [
                "_Gain_"
            ],
            "preformatted": false
        },
        "_CumLift_": {
            "parameter": "_CumLift_",
            "type": "num",
            "label": "Cumulative Lift",
            "length": 8,
            "order": 18,
            "values": [
                "_CumLift_"
            ],
            "preformatted": false
        },
        "_Event_": {
            "parameter": "_Event_",
            "type": "char",
            "label": "Event",
            "length": 12,
            "order": 6,
            "values": [
                "_Event_"
            ],
            "preformatted": false
        },
        "_TargetName_": {
            "parameter": "_TargetName_",
            "type": "char",
            "label": "Target Name",
            "length": 6,
            "order": 1,
            "values": [
                "_TargetName_"
            ],
            "preformatted": false
        },
        "_PctResp_": {
            "parameter": "_PctResp_",
            "type": "num",
            "label": "Response Percentage",
            "length": 8,
            "order": 20,
            "values": [
                "_PctResp_"
            ],
            "preformatted": false
        },
        "_GainBest_": {
            "parameter": "_GainBest_",
            "type": "num",
            "label": "Best Gain",
            "length": 8,
            "order": 25,
            "values": [
                "_GainBest_"
            ],
            "preformatted": false
        },
        "_CumLiftBest_": {
            "parameter": "_CumLiftBest_",
            "type": "num",
            "label": "Best Cumulative Lift",
            "length": 8,
            "order": 19,
            "values": [
                "_CumLiftBest_"
            ],
            "preformatted": false
        },
        "_Lift_": {
            "parameter": "_Lift_",
            "type": "num",
            "label": "Lift",
            "length": 8,
            "order": 14,
            "values": [
                "_Lift_"
            ],
            "preformatted": false
        },
        "_CumPctResp_": {
            "parameter": "_CumPctResp_",
            "type": "num",
            "label": "Cumulative Response Percentage",
            "length": 8,
            "order": 22,
            "values": [
                "_CumPctResp_"
            ],
            "preformatted": false
        },
        "_NEventsBest_": {
            "parameter": "_NEventsBest_",
            "type": "num",
            "label": "Best Number of Events",
            "length": 8,
            "order": 11,
            "values": [
                "_NEventsBest_"
            ],
            "preformatted": false
        },
        "_CumPctRespBest_": {
            "parameter": "_CumPctRespBest_",
            "type": "num",
            "label": "Best Cumulative Response Percentage",
            "length": 8,
            "order": 23,
            "values": [
                "_CumPctRespBest_"
            ],
            "preformatted": false
        },
        "_Value_": {
            "parameter": "_Value_",
            "type": "num",
            "label": "Value",
            "length": 8,
            "order": 8,
            "values": [
                "_Value_"
            ],
            "preformatted": false
        },
        "_NEvents_": {
            "parameter": "_NEvents_",
            "type": "num",
            "label": "Number of Events",
            "length": 8,
            "order": 10,
            "values": [
                "_NEvents_"
            ],
            "preformatted": false
        },
        "_LiftBest_": {
            "parameter": "_LiftBest_",
            "type": "num",
            "label": "Best Lift",
            "length": 8,
            "order": 15,
            "values": [
                "_LiftBest_"
            ],
            "preformatted": false
        },
        "_PartInd_": {
            "parameter": "_PartInd_",
            "type": "num",
            "label": "Partition Indicator",
            "length": 8,
            "order": 3,
            "values": [
                "_PartInd_"
            ],
            "preformatted": false
        },
        "_Resp_": {
            "parameter": "_Resp_",
            "type": "num",
            "label": "Captured Response Percentage",
            "length": 8,
            "order": 12,
            "values": [
                "_Resp_"
            ],
            "preformatted": false
        }
    },
    "data": [
        {
            "dataMap": {
                "_NObs_": "0",
                "_Depth_": "0",
                "_CumRespBest_": "0",
                "_formattedPartition_": "           1",
                "_column_": "predict",
                "_RespBest_": "0",
                "_DataRole_": "TRAIN",
                "_CumResp_": "0",
                "_Event_": "1",
                "_TargetName_": "Unusual",
                "_NEventsBest_": "0",
                "_Value_": "0",
                "_NEvents_": "0",
                "_PartInd_": "1",
                "_Resp_": "0"
            },
            "rowNumber": 1
        },
        {
            "dataMap": {
                "_NObs_": "1657.0",
                "_Depth_": "5.0",
                "_CumRespBest_": "18.1868071561848",
                "_formattedPartition_": "           1",
                "_column_": "predict",
                "_RespBest_": "18.1868071561848",
                "_DataRole_": "TRAIN",
                "_CumResp_": "18.1868071561848",
                "_PctRespBest_": "100.0",
                "_Gain_": "2.63736143123696",
                "_CumLift_": "3.63736143123696",
                "_Event_": "1",
                "_TargetName_": "Unusual",
                "_PctResp_": "100.0",
                "_GainBest_": "2.63736143123696",
                "_CumLiftBest_": "3.63736143123696",
                "_Lift_": "3.63736143123696",
                "_CumPctResp_": "100.0",
                "_NEventsBest_": "1657.0",
                "_CumPctRespBest_": "100.0",
                "_Value_": "0.89871257992885",
                "_NEvents_": "1657.0",
                "_LiftBest_": "3.63736143123696",
                "_PartInd_": "1",
                "_Resp_": "18.1868071561848"
            },
            "rowNumber": 2
        },
        {
            "dataMap": {
                "_NObs_": "1657.0",
                "_Depth_": "10.0",
                "_CumRespBest_": "36.3736143123696",
                "_formattedPartition_": "           1",
                "_column_": "predict",
                "_RespBest_": "18.1868071561848",
                "_DataRole_": "TRAIN",
                "_CumResp_": "36.3736143123696",
                "_PctRespBest_": "100.0",
                "_Gain_": "2.63736143123696",
                "_CumLift_": "3.63736143123696",
                "_Event_": "1",
                "_TargetName_": "Unusual",
                "_PctResp_": "100.0",
                "_GainBest_": "2.63736143123696",
                "_CumLiftBest_": "3.63736143123696",
                "_Lift_": "3.63736143123696",
                "_CumPctResp_": "100.0",
                "_NEventsBest_": "1657.0",
                "_CumPctRespBest_": "100.0",
                "_Value_": "0.87565884003414",
                "_NEvents_": "1657.0",
                "_LiftBest_": "3.63736143123696",
                "_PartInd_": "1",
                "_Resp_": "18.1868071561848"
            },
            "rowNumber": 3
        },
        {
            "dataMap": {
                "_NObs_": "1657.0",
                "_Depth_": "15.0",
                "_CumRespBest_": "54.5604214685545",
                "_formattedPartition_": "           1",
                "_column_": "predict",
                "_RespBest_": "18.1868071561848",
                "_DataRole_": "TRAIN",
                "_CumResp_": "47.1549072737223",
                "_PctRespBest_": "100.0",
                "_Gain_": "2.14366048491482",
                "_CumLift_": "3.14366048491482",
                "_Event_": "1",
                "_TargetName_": "Unusual",
                "_PctResp_": "59.280845003551",
                "_GainBest_": "2.63736143123696",
                "_CumLiftBest_": "3.63736143123696",
                "_Lift_": "2.15625859227053",
                "_CumPctResp_": "86.426948334517",
                "_NEventsBest_": "1657.0",
                "_CumPctRespBest_": "100.0",
                "_Value_": "0.35569461646609",
                "_NEvents_": "982.28360170884",
                "_LiftBest_": "3.63736143123696",
                "_PartInd_": "1",
                "_Resp_": "10.7812929613526"
            },
            "rowNumber": 4
        },
        {
            "dataMap": {
                "_NObs_": "1657.0",
                "_Depth_": "20.0",
                "_CumRespBest_": "72.7472286247393",
                "_formattedPartition_": "           1",
                "_column_": "predict",
                "_RespBest_": "18.1868071561848",
                "_DataRole_": "TRAIN",
                "_CumResp_": "53.4482716954977",
                "_PctRespBest_": "100.0",
                "_Gain_": "1.67241358477488",
                "_CumLift_": "2.67241358477488",
                "_Event_": "1",
                "_TargetName_": "Unusual",
                "_PctResp_": "34.6040092014459",
                "_GainBest_": "2.63736143123696",
                "_CumLiftBest_": "3.63736143123696",
                "_Lift_": "1.25867288435508",
                "_CumPctResp_": "73.4712135512492",
                "_NEventsBest_": "1657.0",
                "_CumPctRespBest_": "100.0",
                "_Value_": "0.35569461646609",
                "_NEvents_": "573.388432467959",
                "_LiftBest_": "3.63736143123696",
                "_PartInd_": "1",
                "_Resp_": "6.29336442177543"
            },
            "rowNumber": 5
        },
        {
            "dataMap": {
                "_NObs_": "1657.0",
                "_Depth_": "25.0",
                "_CumRespBest_": "90.9340357809241",
                "_formattedPartition_": "           1",
                "_column_": "predict",
                "_RespBest_": "18.1868071561848",
                "_DataRole_": "TRAIN",
                "_CumResp_": "59.7416361172731",
                "_PctRespBest_": "100.0",
                "_Gain_": "1.38966544469092",
                "_CumLift_": "2.38966544469092",
                "_Event_": "1",
                "_TargetName_": "Unusual",
                "_PctResp_": "34.6040092014459",
                "_GainBest_": "2.63736143123696",
                "_CumLiftBest_": "3.63736143123696",
                "_Lift_": "1.25867288435508",
                "_CumPctResp_": "65.6977726812885",
                "_NEventsBest_": "1657.0",
                "_CumPctRespBest_": "100.0",
                "_Value_": "0.35569461646609",
                "_NEvents_": "573.388432467959",
                "_LiftBest_": "3.63736143123696",
                "_PartInd_": "1",
                "_Resp_": "6.29336442177543"
            },
            "rowNumber": 6
        },
        {
            "dataMap": {
                "_NObs_": "1657.0",
                "_Depth_": "30.0",
                "_CumRespBest_": "100.0",
                "_formattedPartition_": "           1",
                "_column_": "predict",
                "_RespBest_": "9.06596421907584",
                "_DataRole_": "TRAIN",
                "_CumResp_": "66.0350005390486",
                "_PctRespBest_": "49.8491249245624",
                "_Gain_": "1.20116668463495",
                "_CumLift_": "2.20116668463495",
                "_Event_": "1",
                "_TargetName_": "Unusual",
                "_PctResp_": "34.6040092014459",
                "_GainBest_": "2.33333333333333",
                "_CumLiftBest_": "3.33333333333333",
                "_Lift_": "1.25867288435508",
                "_CumPctResp_": "60.5154787679814",
                "_NEventsBest_": "826.0",
                "_CumPctRespBest_": "91.6415208207604",
                "_Value_": "0.35569461646609",
                "_NEvents_": "573.388432467959",
                "_LiftBest_": "1.81319284381516",
                "_PartInd_": "1",
                "_Resp_": "6.29336442177543"
            },
            "rowNumber": 7
        },
        {
            "dataMap": {
                "_NObs_": "1657.0",
                "_Depth_": "35.0",
                "_CumRespBest_": "100.0",
                "_formattedPartition_": "           1",
                "_column_": "predict",
                "_RespBest_": "0.0",
                "_DataRole_": "TRAIN",
                "_CumResp_": "70.5670103261869",
                "_PctRespBest_": "0.0",
                "_Gain_": "1.01620029503391",
                "_CumLift_": "2.01620029503391",
                "_Event_": "1",
                "_TargetName_": "Unusual",
                "_PctResp_": "24.9192161560754",
                "_GainBest_": "1.85714285714285",
                "_CumLiftBest_": "2.85714285714285",
                "_Lift_": "0.90640195742766",
                "_CumPctResp_": "55.430298394852",
                "_NEventsBest_": "0.0",
                "_CumPctRespBest_": "78.5498749892232",
                "_Value_": "0.25722110026258",
                "_NEvents_": "412.91141170617",
                "_LiftBest_": "0.0",
                "_PartInd_": "1",
                "_Resp_": "4.5320097871383"
            },
            "rowNumber": 8
        },
        {
            "dataMap": {
                "_NObs_": "1657.0",
                "_Depth_": "40.0",
                "_CumRespBest_": "100.0",
                "_formattedPartition_": "           1",
                "_column_": "predict",
                "_RespBest_": "0.0",
                "_DataRole_": "TRAIN",
                "_CumResp_": "75.0849045605625",
                "_PctRespBest_": "0.0",
                "_Gain_": "0.87712261401406",
                "_CumLift_": "1.87712261401406",
                "_Event_": "1",
                "_TargetName_": "Unusual",
                "_PctResp_": "24.8416019127316",
                "_GainBest_": "1.5",
                "_CumLiftBest_": "2.5",
                "_Lift_": "0.90357884687512",
                "_CumPctResp_": "51.606711334587",
                "_NEventsBest_": "0.0",
                "_CumPctRespBest_": "68.7311406155703",
                "_Value_": "0.25722110026258",
                "_NEvents_": "411.625343693963",
                "_LiftBest_": "0.0",
                "_PartInd_": "1",
                "_Resp_": "4.51789423437562"
            },
            "rowNumber": 9
        },
        {
            "dataMap": {
                "_NObs_": "1657.0",
                "_Depth_": "45.0",
                "_CumRespBest_": "100.0",
                "_formattedPartition_": "           1",
                "_column_": "predict",
                "_RespBest_": "0.0",
                "_DataRole_": "TRAIN",
                "_CumResp_": "79.6027987949381",
                "_PctRespBest_": "0.0",
                "_Gain_": "0.76895108433195",
                "_CumLift_": "1.76895108433195",
                "_Event_": "1",
                "_TargetName_": "Unusual",
                "_PctResp_": "24.8416019127316",
                "_GainBest_": "1.22222222222222",
                "_CumLiftBest_": "2.22222222222222",
                "_Lift_": "0.90357884687512",
                "_CumPctResp_": "48.6328102877141",
                "_NEventsBest_": "0.0",
                "_CumPctRespBest_": "61.0943472138402",
                "_Value_": "0.25722110026258",
                "_NEvents_": "411.625343693963",
                "_LiftBest_": "0.0",
                "_PartInd_": "1",
                "_Resp_": "4.51789423437562"
            },
            "rowNumber": 10
        },
        {
            "dataMap": {
                "_NObs_": "1657.0",
                "_Depth_": "50.0",
                "_CumRespBest_": "100.0",
                "_formattedPartition_": "           1",
                "_column_": "predict",
                "_RespBest_": "0.0",
                "_DataRole_": "TRAIN",
                "_CumResp_": "84.1206930293137",
                "_PctRespBest_": "0.0",
                "_Gain_": "0.68241386058627",
                "_CumLift_": "1.68241386058627",
                "_Event_": "1",
                "_TargetName_": "Unusual",
                "_PctResp_": "24.8416019127316",
                "_GainBest_": "1.0",
                "_CumLiftBest_": "2.0",
                "_Lift_": "0.90357884687512",
                "_CumPctResp_": "46.2536894502159",
                "_NEventsBest_": "0.0",
                "_CumPctRespBest_": "54.9849124924562",
                "_Value_": "0.25722110026258",
                "_NEvents_": "411.625343693963",
                "_LiftBest_": "0.0",
                "_PartInd_": "1",
                "_Resp_": "4.51789423437562"
            },
            "rowNumber": 11
        },
        {
            "dataMap": {
                "_NObs_": "1657.0",
                "_Depth_": "55.0",
                "_CumRespBest_": "100.0",
                "_formattedPartition_": "           1",
                "_column_": "predict",
                "_RespBest_": "0.0",
                "_DataRole_": "TRAIN",
                "_CumResp_": "88.6385872636893",
                "_PctRespBest_": "0.0",
                "_Gain_": "0.61161067752162",
                "_CumLift_": "1.61161067752162",
                "_Event_": "1",
                "_TargetName_": "Unusual",
                "_PctResp_": "24.8416019127316",
                "_GainBest_": "0.81818181818181",
                "_CumLiftBest_": "1.81818181818181",
                "_Lift_": "0.90357884687512",
                "_CumPctResp_": "44.3071360377173",
                "_NEventsBest_": "0.0",
                "_CumPctRespBest_": "49.9862840840511",
                "_Value_": "0.25722110026258",
                "_NEvents_": "411.625343693963",
                "_LiftBest_": "0.0",
                "_PartInd_": "1",
                "_Resp_": "4.51789423437562"
            },
            "rowNumber": 12
        },
        {
            "dataMap": {
                "_NObs_": "1657.0",
                "_Depth_": "60.0",
                "_CumRespBest_": "100.0",
                "_formattedPartition_": "           1",
                "_column_": "predict",
                "_RespBest_": "0.0",
                "_DataRole_": "TRAIN",
                "_CumResp_": "91.9074844593448",
                "_PctRespBest_": "0.0",
                "_Gain_": "0.53179140765574",
                "_CumLift_": "1.53179140765574",
                "_Event_": "1",
                "_TargetName_": "Unusual",
                "_PctResp_": "17.9740026249951",
                "_GainBest_": "0.66666666666666",
                "_CumLiftBest_": "1.66666666666666",
                "_Lift_": "0.65377943913109",
                "_CumPctResp_": "42.1127082533238",
                "_NEventsBest_": "0.0",
                "_CumPctRespBest_": "45.8207604103802",
                "_Value_": "0.19869075974764",
                "_NEvents_": "297.829223496169",
                "_LiftBest_": "0.0",
                "_PartInd_": "1",
                "_Resp_": "3.26889719565546"
            },
            "rowNumber": 13
        },
        {
            "dataMap": {
                "_NObs_": "1657.0",
                "_Depth_": "65.0",
                "_CumRespBest_": "100.0",
                "_formattedPartition_": "           1",
                "_column_": "predict",
                "_RespBest_": "0.0",
                "_DataRole_": "TRAIN",
                "_CumResp_": "94.4952246628069",
                "_PctRespBest_": "0.0",
                "_Gain_": "0.4537726871201",
                "_CumLift_": "1.4537726871201",
                "_Event_": "1",
                "_TargetName_": "Unusual",
                "_PctResp_": "14.2286668640573",
                "_GainBest_": "0.53846153846153",
                "_CumLiftBest_": "1.53846153846153",
                "_Lift_": "0.51754804069241",
                "_CumPctResp_": "39.967781992611",
                "_NEventsBest_": "0.0",
                "_CumPctRespBest_": "42.2960865326586",
                "_Value_": "0.16247113837864",
                "_NEvents_": "235.769009937431",
                "_LiftBest_": "0.0",
                "_PartInd_": "1",
                "_Resp_": "2.58774020346208"
            },
            "rowNumber": 14
        },
        {
            "dataMap": {
                "_NObs_": "1657.0",
                "_Depth_": "70.0",
                "_CumRespBest_": "100.0",
                "_formattedPartition_": "           1",
                "_column_": "predict",
                "_RespBest_": "0.0",
                "_DataRole_": "TRAIN",
                "_CumResp_": "96.350720777527",
                "_PctRespBest_": "0.0",
                "_Gain_": "0.37643886825038",
                "_CumLift_": "1.37643886825038",
                "_Event_": "1",
                "_TargetName_": "Unusual",
                "_PctResp_": "10.2024291497975",
                "_GainBest_": "0.42857142857142",
                "_CumLiftBest_": "1.42857142857142",
                "_Lift_": "0.37109922294401",
                "_CumPctResp_": "37.8416853609814",
                "_NEventsBest_": "0.0",
                "_CumPctRespBest_": "39.2749374946116",
                "_Value_": "0.16247113837864",
                "_NEvents_": "169.054251012145",
                "_LiftBest_": "0.0",
                "_PartInd_": "1",
                "_Resp_": "1.85549611472007"
            },
            "rowNumber": 15
        },
        {
            "dataMap": {
                "_NObs_": "1657.0",
                "_Depth_": "75.0",
                "_CumRespBest_": "100.0",
                "_formattedPartition_": "           1",
                "_column_": "predict",
                "_RespBest_": "0.0",
                "_DataRole_": "TRAIN",
                "_CumResp_": "98.2761953949791",
                "_PctRespBest_": "0.0",
                "_Gain_": "0.31034927193305",
                "_CumLift_": "1.31034927193305",
                "_Event_": "1",
                "_TargetName_": "Unusual",
                "_PctResp_": "10.587205334705",
                "_GainBest_": "0.33333333333333",
                "_CumLiftBest_": "1.33333333333333",
                "_Lift_": "0.38509492349042",
                "_CumPctResp_": "36.0247200258963",
                "_NEventsBest_": "0.0",
                "_CumPctRespBest_": "36.6566083283041",
                "_Value_": "0.16178744830441",
                "_NEvents_": "175.429992396062",
                "_LiftBest_": "0.0",
                "_PartInd_": "1",
                "_Resp_": "1.92547461745211"
            },
            "rowNumber": 16
        },
        {
            "dataMap": {
                "_NObs_": "1657.0",
                "_Depth_": "80.0",
                "_CumRespBest_": "100.0",
                "_formattedPartition_": "           1",
                "_column_": "predict",
                "_RespBest_": "0.0",
                "_DataRole_": "TRAIN",
                "_CumResp_": "99.102523898375",
                "_PctRespBest_": "0.0",
                "_Gain_": "0.23878154872968",
                "_CumLift_": "1.23878154872968",
                "_Event_": "1",
                "_TargetName_": "Unusual",
                "_PctResp_": "4.54356004492481",
                "_GainBest_": "0.24999999999999",
                "_CumLiftBest_": "1.24999999999999",
                "_Lift_": "0.16526570067918",
                "_CumPctResp_": "34.0571475270856",
                "_NEventsBest_": "0.0",
                "_CumPctRespBest_": "34.3655703077851",
                "_Value_": "0.13546140097843",
                "_NEvents_": "75.2867899444041",
                "_LiftBest_": "0.0",
                "_PartInd_": "1",
                "_Resp_": "0.82632850339594"
            },
            "rowNumber": 17
        },
        {
            "dataMap": {
                "_NObs_": "1657.0",
                "_Depth_": "85.0",
                "_CumRespBest_": "100.0",
                "_formattedPartition_": "           1",
                "_column_": "predict",
                "_RespBest_": "0.0",
                "_DataRole_": "TRAIN",
                "_CumResp_": "99.8458687594368",
                "_PctRespBest_": "0.0",
                "_Gain_": "0.17465727952278",
                "_CumLift_": "1.17465727952278",
                "_Event_": "1",
                "_TargetName_": "Unusual",
                "_PctResp_": "4.08727521371998",
                "_GainBest_": "0.17647058823529",
                "_CumLiftBest_": "1.17647058823529",
                "_Lift_": "0.14866897221235",
                "_CumPctResp_": "32.2942138615935",
                "_NEventsBest_": "0.0",
                "_CumPctRespBest_": "32.344066172033",
                "_Value_": "0.11996699172321",
                "_NEvents_": "67.7261502913401",
                "_LiftBest_": "0.0",
                "_PartInd_": "1",
                "_Resp_": "0.74334486106179"
            },
            "rowNumber": 18
        },
        {
            "dataMap": {
                "_NObs_": "1657.0",
                "_Depth_": "90.0",
                "_CumRespBest_": "100.0",
                "_formattedPartition_": "           1",
                "_column_": "predict",
                "_RespBest_": "0.0",
                "_DataRole_": "TRAIN",
                "_CumResp_": "100.0",
                "_PctRespBest_": "0.0",
                "_Gain_": "0.11111111111111",
                "_CumLift_": "1.11111111111111",
                "_Event_": "1",
                "_TargetName_": "Unusual",
                "_PctResp_": "0.84748927747178",
                "_GainBest_": "0.11111111111111",
                "_CumLiftBest_": "1.11111111111111",
                "_Lift_": "0.03082624811262",
                "_CumPctResp_": "30.5471736069201",
                "_NEventsBest_": "0.0",
                "_CumPctRespBest_": "30.5471736069201",
                "_Value_": "0.11424931178715",
                "_NEvents_": "14.0428973277074",
                "_LiftBest_": "0.0",
                "_PartInd_": "1",
                "_Resp_": "0.15413124056313"
            },
            "rowNumber": 19
        },
        {
            "dataMap": {
                "_NObs_": "2278.0",
                "_Depth_": "95.0",
                "_CumRespBest_": "100.0",
                "_formattedPartition_": "           1",
                "_column_": "predict",
                "_RespBest_": "0.0",
                "_DataRole_": "TRAIN",
                "_CumResp_": "100.0",
                "_PctRespBest_": "0.0",
                "_Gain_": "0.05263157894736",
                "_CumLift_": "1.05263157894736",
                "_Event_": "1",
                "_TargetName_": "Unusual",
                "_PctResp_": "0.0",
                "_GainBest_": "0.05263157894736",
                "_CumLiftBest_": "1.05263157894736",
                "_Lift_": "0.0",
                "_CumPctResp_": "28.3796411662098",
                "_NEventsBest_": "0.0",
                "_CumPctRespBest_": "28.3796411662098",
                "_Value_": "0.10128742007114",
                "_NEvents_": "0.0",
                "_LiftBest_": "0.0",
                "_PartInd_": "1",
                "_Resp_": "0.0"
            },
            "rowNumber": 20
        },
        {
            "dataMap": {
                "_NObs_": "1019.0",
                "_Depth_": "100.0",
                "_CumRespBest_": "100.0",
                "_formattedPartition_": "           1",
                "_column_": "predict",
                "_RespBest_": "0.0",
                "_DataRole_": "TRAIN",
                "_CumResp_": "100.0",
                "_PctRespBest_": "0.0",
                "_Gain_": "0.0",
                "_CumLift_": "1.0",
                "_Event_": "1",
                "_TargetName_": "Unusual",
                "_PctResp_": "0.0",
                "_GainBest_": "0.0",
                "_CumLiftBest_": "1.0",
                "_Lift_": "0.0",
                "_CumPctResp_": "27.5065664341998",
                "_NEventsBest_": "0.0",
                "_CumPctRespBest_": "27.5065664341998",
                "_Value_": "0.09623789784745",
                "_NEvents_": "0.0",
                "_LiftBest_": "0.0",
                "_PartInd_": "1",
                "_Resp_": "0.0"
            },
            "rowNumber": 21
        },
        {
            "dataMap": {
                "_NObs_": "0",
                "_Depth_": "0",
                "_CumRespBest_": "0",
                "_formattedPartition_": "           2",
                "_column_": "predict",
                "_RespBest_": "0",
                "_DataRole_": "TEST",
                "_CumResp_": "0",
                "_Event_": "1",
                "_TargetName_": "Unusual",
                "_NEventsBest_": "0",
                "_Value_": "0",
                "_NEvents_": "0",
                "_PartInd_": "2",
                "_Resp_": "0"
            },
            "rowNumber": 22
        },
        {
            "dataMap": {
                "_NObs_": "185.0",
                "_Depth_": "5.0",
                "_CumRespBest_": "17.5189393939393",
                "_formattedPartition_": "           2",
                "_column_": "predict",
                "_RespBest_": "17.5189393939393",
                "_DataRole_": "TEST",
                "_CumResp_": "17.5189393939393",
                "_PctRespBest_": "100.0",
                "_Gain_": "2.50378787878787",
                "_CumLift_": "3.50378787878787",
                "_Event_": "1",
                "_TargetName_": "Unusual",
                "_PctResp_": "100.0",
                "_GainBest_": "2.50378787878787",
                "_CumLiftBest_": "3.50378787878787",
                "_Lift_": "3.50378787878787",
                "_CumPctResp_": "100.0",
                "_NEventsBest_": "185.0",
                "_CumPctRespBest_": "100.0",
                "_Value_": "0.89871257992885",
                "_NEvents_": "185.0",
                "_LiftBest_": "3.50378787878787",
                "_PartInd_": "2",
                "_Resp_": "17.5189393939393"
            },
            "rowNumber": 23
        },
        {
            "dataMap": {
                "_NObs_": "185.0",
                "_Depth_": "10.0",
                "_CumRespBest_": "35.0378787878787",
                "_formattedPartition_": "           2",
                "_column_": "predict",
                "_RespBest_": "17.5189393939393",
                "_DataRole_": "TEST",
                "_CumResp_": "35.0378787878787",
                "_PctRespBest_": "100.0",
                "_Gain_": "2.50378787878787",
                "_CumLift_": "3.50378787878787",
                "_Event_": "1",
                "_TargetName_": "Unusual",
                "_PctResp_": "100.0",
                "_GainBest_": "2.50378787878787",
                "_CumLiftBest_": "3.50378787878787",
                "_Lift_": "3.50378787878787",
                "_CumPctResp_": "100.0",
                "_NEventsBest_": "185.0",
                "_CumPctRespBest_": "100.0",
                "_Value_": "0.87565884003414",
                "_NEvents_": "185.0",
                "_LiftBest_": "3.50378787878787",
                "_PartInd_": "2",
                "_Resp_": "17.5189393939393"
            },
            "rowNumber": 24
        },
        {
            "dataMap": {
                "_NObs_": "185.0",
                "_Depth_": "15.0",
                "_CumRespBest_": "52.5568181818182",
                "_formattedPartition_": "           2",
                "_column_": "predict",
                "_RespBest_": "17.5189393939393",
                "_DataRole_": "TEST",
                "_CumResp_": "47.0497716131907",
                "_PctRespBest_": "100.0",
                "_Gain_": "2.13665144087938",
                "_CumLift_": "3.13665144087938",
                "_Event_": "1",
                "_TargetName_": "Unusual",
                "_PctResp_": "68.5651828298887",
                "_GainBest_": "2.50378787878787",
                "_CumLiftBest_": "3.50378787878788",
                "_Lift_": "2.40237856506238",
                "_CumPctResp_": "89.5217276099629",
                "_NEventsBest_": "185.0",
                "_CumPctRespBest_": "100.0",
                "_Value_": "0.35569461646609",
                "_NEvents_": "126.845588235294",
                "_LiftBest_": "3.50378787878787",
                "_PartInd_": "2",
                "_Resp_": "12.0118928253119"
            },
            "rowNumber": 25
        },
        {
            "dataMap": {
                "_NObs_": "185.0",
                "_Depth_": "20.0",
                "_CumRespBest_": "70.0757575757575",
                "_formattedPartition_": "           2",
                "_column_": "predict",
                "_RespBest_": "17.5189393939393",
                "_DataRole_": "TEST",
                "_CumResp_": "53.1041109625668",
                "_PctRespBest_": "100.0",
                "_Gain_": "1.65520554812834",
                "_CumLift_": "2.65520554812834",
                "_Event_": "1",
                "_TargetName_": "Unusual",
                "_PctResp_": "34.5588235294117",
                "_GainBest_": "2.50378787878787",
                "_CumLiftBest_": "3.50378787878787",
                "_Lift_": "1.21086786987522",
                "_CumPctResp_": "75.7810015898251",
                "_NEventsBest_": "185.0",
                "_CumPctRespBest_": "100.0",
                "_Value_": "0.35569461646609",
                "_NEvents_": "63.9338235294117",
                "_LiftBest_": "3.50378787878787",
                "_PartInd_": "2",
                "_Resp_": "6.05433934937611"
            },
            "rowNumber": 26
        },
        {
            "dataMap": {
                "_NObs_": "185.0",
                "_Depth_": "25.0",
                "_CumRespBest_": "87.5946969696969",
                "_formattedPartition_": "           2",
                "_column_": "predict",
                "_RespBest_": "17.5189393939393",
                "_DataRole_": "TEST",
                "_CumResp_": "59.1584503119429",
                "_PctRespBest_": "100.0",
                "_Gain_": "1.36633801247771",
                "_CumLift_": "2.36633801247771",
                "_Event_": "1",
                "_TargetName_": "Unusual",
                "_PctResp_": "34.5588235294117",
                "_GainBest_": "2.50378787878787",
                "_CumLiftBest_": "3.50378787878787",
                "_Lift_": "1.21086786987522",
                "_CumPctResp_": "67.5365659777424",
                "_NEventsBest_": "185.0",
                "_CumPctRespBest_": "100.0",
                "_Value_": "0.35569461646609",
                "_NEvents_": "63.9338235294117",
                "_LiftBest_": "3.50378787878787",
                "_PartInd_": "2",
                "_Resp_": "6.05433934937611"
            },
            "rowNumber": 27
        },
        {
            "dataMap": {
                "_NObs_": "185.0",
                "_Depth_": "30.0",
                "_CumRespBest_": "100.0",
                "_formattedPartition_": "           2",
                "_column_": "predict",
                "_RespBest_": "12.405303030303",
                "_DataRole_": "TEST",
                "_CumResp_": "65.212789661319",
                "_PctRespBest_": "70.8108108108108",
                "_Gain_": "1.1737596553773",
                "_CumLift_": "2.1737596553773",
                "_Event_": "1",
                "_TargetName_": "Unusual",
                "_PctResp_": "34.5588235294117",
                "_GainBest_": "2.33333333333333",
                "_CumLiftBest_": "3.33333333333333",
                "_Lift_": "1.21086786987522",
                "_CumPctResp_": "62.0402755696873",
                "_NEventsBest_": "131.0",
                "_CumPctRespBest_": "95.1351351351351",
                "_Value_": "0.35569461646609",
                "_NEvents_": "63.9338235294117",
                "_LiftBest_": "2.4810606060606",
                "_PartInd_": "2",
                "_Resp_": "6.05433934937611"
            },
            "rowNumber": 28
        },
        {
            "dataMap": {
                "_NObs_": "185.0",
                "_Depth_": "35.0",
                "_CumRespBest_": "100.0",
                "_formattedPartition_": "           2",
                "_column_": "predict",
                "_RespBest_": "0.0",
                "_DataRole_": "TEST",
                "_CumResp_": "69.6281736281736",
                "_PctRespBest_": "0.0",
                "_Gain_": "0.98937638937638",
                "_CumLift_": "1.98937638937638",
                "_Event_": "1",
                "_TargetName_": "Unusual",
                "_PctResp_": "25.203489021613",
                "_GainBest_": "1.85714285714285",
                "_CumLiftBest_": "2.85714285714285",
                "_Lift_": "0.88307679337091",
                "_CumPctResp_": "56.777877491391",
                "_NEventsBest_": "0.0",
                "_CumPctRespBest_": "81.5444015444015",
                "_Value_": "0.25722110026258",
                "_NEvents_": "46.6264546899841",
                "_LiftBest_": "0.0",
                "_PartInd_": "2",
                "_Resp_": "4.41538396685455"
            },
            "rowNumber": 29
        },
        {
            "dataMap": {
                "_NObs_": "185.0",
                "_Depth_": "40.0",
                "_CumRespBest_": "100.0",
                "_formattedPartition_": "           2",
                "_column_": "predict",
                "_RespBest_": "0.0",
                "_DataRole_": "TEST",
                "_CumResp_": "74.0599918099918",
                "_PctRespBest_": "0.0",
                "_Gain_": "0.85149979524979",
                "_CumLift_": "1.85149979524979",
                "_Event_": "1",
                "_TargetName_": "Unusual",
                "_PctResp_": "25.2972972972973",
                "_GainBest_": "1.5",
                "_CumLiftBest_": "2.5",
                "_Lift_": "0.88636363636363",
                "_CumPctResp_": "52.8428049671293",
                "_NEventsBest_": "0.0",
                "_CumPctRespBest_": "71.3513513513513",
                "_Value_": "0.25722110026258",
                "_NEvents_": "46.8",
                "_LiftBest_": "0.0",
                "_PartInd_": "2",
                "_Resp_": "4.43181818181818"
            },
            "rowNumber": 30
        },
        {
            "dataMap": {
                "_NObs_": "185.0",
                "_Depth_": "45.0",
                "_CumRespBest_": "100.0",
                "_formattedPartition_": "           2",
                "_column_": "predict",
                "_RespBest_": "0.0",
                "_DataRole_": "TEST",
                "_CumResp_": "78.49180999181",
                "_PctRespBest_": "0.0",
                "_Gain_": "0.74426244426244",
                "_CumLift_": "1.74426244426244",
                "_Event_": "1",
                "_TargetName_": "Unusual",
                "_PctResp_": "25.2972972972973",
                "_GainBest_": "1.22222222222222",
                "_CumLiftBest_": "2.22222222222222",
                "_Lift_": "0.88636363636363",
                "_CumPctResp_": "49.7821930038146",
                "_NEventsBest_": "0.0",
                "_CumPctRespBest_": "63.4234234234234",
                "_Value_": "0.25722110026258",
                "_NEvents_": "46.8",
                "_LiftBest_": "0.0",
                "_PartInd_": "2",
                "_Resp_": "4.43181818181818"
            },
            "rowNumber": 31
        },
        {
            "dataMap": {
                "_NObs_": "185.0",
                "_Depth_": "50.0",
                "_CumRespBest_": "100.0",
                "_formattedPartition_": "           2",
                "_column_": "predict",
                "_RespBest_": "0.0",
                "_DataRole_": "TEST",
                "_CumResp_": "82.9236281736281",
                "_PctRespBest_": "0.0",
                "_Gain_": "0.65847256347256",
                "_CumLift_": "1.65847256347256",
                "_Event_": "1",
                "_TargetName_": "Unusual",
                "_PctResp_": "25.2972972972973",
                "_GainBest_": "1.0",
                "_CumLiftBest_": "2.0",
                "_Lift_": "0.88636363636363",
                "_CumPctResp_": "47.3337034331628",
                "_NEventsBest_": "0.0",
                "_CumPctRespBest_": "57.0810810810811",
                "_Value_": "0.25722110026258",
                "_NEvents_": "46.8",
                "_LiftBest_": "0.0",
                "_PartInd_": "2",
                "_Resp_": "4.43181818181818"
            },
            "rowNumber": 32
        },
        {
            "dataMap": {
                "_NObs_": "185.0",
                "_Depth_": "55.0",
                "_CumRespBest_": "100.0",
                "_formattedPartition_": "           2",
                "_column_": "predict",
                "_RespBest_": "0.0",
                "_DataRole_": "TEST",
                "_CumResp_": "87.3554463554463",
                "_PctRespBest_": "0.0",
                "_Gain_": "0.58828084282629",
                "_CumLift_": "1.58828084282629",
                "_Event_": "1",
                "_TargetName_": "Unusual",
                "_PctResp_": "25.2972972972973",
                "_GainBest_": "0.81818181818181",
                "_CumLiftBest_": "1.81818181818181",
                "_Lift_": "0.88636363636363",
                "_CumPctResp_": "45.3303937844478",
                "_NEventsBest_": "0.0",
                "_CumPctRespBest_": "51.8918918918919",
                "_Value_": "0.25722110026258",
                "_NEvents_": "46.8",
                "_LiftBest_": "0.0",
                "_PartInd_": "2",
                "_Resp_": "4.43181818181818"
            },
            "rowNumber": 33
        },
        {
            "dataMap": {
                "_NObs_": "185.0",
                "_Depth_": "60.0",
                "_CumRespBest_": "100.0",
                "_formattedPartition_": "           2",
                "_column_": "predict",
                "_RespBest_": "0.0",
                "_DataRole_": "TEST",
                "_CumResp_": "90.6207534991167",
                "_PctRespBest_": "0.0",
                "_Gain_": "0.51034589165194",
                "_CumLift_": "1.51034589165194",
                "_Event_": "1",
                "_TargetName_": "Unusual",
                "_PctResp_": "18.6387261822481",
                "_GainBest_": "0.66666666666666",
                "_CumLiftBest_": "1.66666666666666",
                "_Lift_": "0.65306142873407",
                "_CumPctResp_": "43.1060881509311",
                "_NEventsBest_": "0.0",
                "_CumPctRespBest_": "47.5675675675675",
                "_Value_": "0.19869075974764",
                "_NEvents_": "34.4816434371591",
                "_LiftBest_": "0.0",
                "_PartInd_": "2",
                "_Resp_": "3.26530714367037"
            },
            "rowNumber": 34
        },
        {
            "dataMap": {
                "_NObs_": "185.0",
                "_Depth_": "65.0",
                "_CumRespBest_": "100.0",
                "_formattedPartition_": "           2",
                "_column_": "predict",
                "_RespBest_": "0.0",
                "_DataRole_": "TEST",
                "_CumResp_": "93.0711748312137",
                "_PctRespBest_": "0.0",
                "_Gain_": "0.43186422817251",
                "_CumLift_": "1.43186422817251",
                "_Event_": "1",
                "_TargetName_": "Unusual",
                "_PctResp_": "13.9872698740237",
                "_GainBest_": "0.53846153846153",
                "_CumLiftBest_": "1.53846153846153",
                "_Lift_": "0.49008426641939",
                "_CumPctResp_": "40.8661790527075",
                "_NEventsBest_": "0.0",
                "_CumPctRespBest_": "43.9085239085239",
                "_Value_": "0.16247113837864",
                "_NEvents_": "25.8764492669439",
                "_LiftBest_": "0.0",
                "_PartInd_": "2",
                "_Resp_": "2.45042133209696"
            },
            "rowNumber": 35
        },
        {
            "dataMap": {
                "_NObs_": "185.0",
                "_Depth_": "70.0",
                "_CumRespBest_": "100.0",
                "_formattedPartition_": "           2",
                "_column_": "predict",
                "_RespBest_": "0.0",
                "_DataRole_": "TEST",
                "_CumResp_": "95.3858533521746",
                "_PctRespBest_": "0.0",
                "_Gain_": "0.3626550478882",
                "_CumLift_": "1.3626550478882",
                "_Event_": "1",
                "_TargetName_": "Unusual",
                "_PctResp_": "13.2124352331606",
                "_GainBest_": "0.42857142857142",
                "_CumLiftBest_": "1.42857142857142",
                "_Lift_": "0.46293570419218",
                "_CumPctResp_": "38.8909116370256",
                "_NEventsBest_": "0.0",
                "_CumPctRespBest_": "40.7722007722007",
                "_Value_": "0.16247113837864",
                "_NEvents_": "24.4430051813471",
                "_LiftBest_": "0.0",
                "_PartInd_": "2",
                "_Resp_": "2.3146785209609"
            },
            "rowNumber": 36
        },
        {
            "dataMap": {
                "_NObs_": "185.0",
                "_Depth_": "75.0",
                "_CumRespBest_": "100.0",
                "_formattedPartition_": "           2",
                "_column_": "predict",
                "_RespBest_": "0.0",
                "_DataRole_": "TEST",
                "_CumResp_": "97.7189171122995",
                "_PctRespBest_": "0.0",
                "_Gain_": "0.30291889483065",
                "_CumLift_": "1.30291889483066",
                "_Event_": "1",
                "_TargetName_": "Unusual",
                "_PctResp_": "13.3173801659019",
                "_GainBest_": "0.33333333333333",
                "_CumLiftBest_": "1.33333333333333",
                "_Lift_": "0.46661275202497",
                "_CumPctResp_": "37.1860095389507",
                "_NEventsBest_": "0.0",
                "_CumPctRespBest_": "38.054054054054",
                "_Value_": "0.16178744830441",
                "_NEvents_": "24.6371533069186",
                "_LiftBest_": "0.0",
                "_PartInd_": "2",
                "_Resp_": "2.33306376012486"
            },
            "rowNumber": 37
        },
        {
            "dataMap": {
                "_NObs_": "185.0",
                "_Depth_": "80.0",
                "_CumRespBest_": "100.0",
                "_formattedPartition_": "           2",
                "_column_": "predict",
                "_RespBest_": "0.0",
                "_DataRole_": "TEST",
                "_CumResp_": "98.7822395301328",
                "_PctRespBest_": "0.0",
                "_Gain_": "0.23477799412665",
                "_CumLift_": "1.23477799412666",
                "_Event_": "1",
                "_TargetName_": "Unusual",
                "_PctResp_": "6.06955931476751",
                "_GainBest_": "0.25",
                "_CumLiftBest_": "1.25",
                "_Lift_": "0.21266448356666",
                "_CumPctResp_": "35.2412313999392",
                "_NEventsBest_": "0.0",
                "_CumPctRespBest_": "35.6756756756756",
                "_Value_": "0.13546140097843",
                "_NEvents_": "11.2286847323198",
                "_LiftBest_": "0.0",
                "_PartInd_": "2",
                "_Resp_": "1.06332241783332"
            },
            "rowNumber": 38
        },
        {
            "dataMap": {
                "_NObs_": "185.0",
                "_Depth_": "85.0",
                "_CumRespBest_": "100.0",
                "_formattedPartition_": "           2",
                "_column_": "predict",
                "_RespBest_": "0.0",
                "_DataRole_": "TEST",
                "_CumResp_": "99.7980162900683",
                "_PctRespBest_": "0.0",
                "_Gain_": "0.17409430929492",
                "_CumLift_": "1.17409430929492",
                "_Event_": "1",
                "_TargetName_": "Unusual",
                "_PctResp_": "5.79816355941575",
                "_GainBest_": "0.17647058823529",
                "_CumLiftBest_": "1.17647058823529",
                "_Lift_": "0.2031553519871",
                "_CumPctResp_": "33.5092862328496",
                "_NEventsBest_": "0.0",
                "_CumPctRespBest_": "33.5771065182829",
                "_Value_": "0.11996699172321",
                "_NEvents_": "10.7266025849191",
                "_LiftBest_": "0.0",
                "_PartInd_": "2",
                "_Resp_": "1.01577675993552"
            },
            "rowNumber": 39
        },
        {
            "dataMap": {
                "_NObs_": "185.0",
                "_Depth_": "90.0",
                "_CumRespBest_": "100.0",
                "_formattedPartition_": "           2",
                "_column_": "predict",
                "_RespBest_": "0.0",
                "_DataRole_": "TEST",
                "_CumResp_": "100.0",
                "_PctRespBest_": "0.0",
                "_Gain_": "0.11111111111111",
                "_CumLift_": "1.11111111111111",
                "_Event_": "1",
                "_TargetName_": "Unusual",
                "_PctResp_": "1.15294485236681",
                "_GainBest_": "0.11111111111111",
                "_CumLiftBest_": "1.11111111111111",
                "_Lift_": "0.04039674198633",
                "_CumPctResp_": "31.7117117117117",
                "_NEventsBest_": "0.0",
                "_CumPctRespBest_": "31.7117117117117",
                "_Value_": "0.11424931178715",
                "_NEvents_": "2.13294797687861",
                "_LiftBest_": "0.0",
                "_PartInd_": "2",
                "_Resp_": "0.20198370993168"
            },
            "rowNumber": 40
        },
        {
            "dataMap": {
                "_NObs_": "185.0",
                "_Depth_": "95.0",
                "_CumRespBest_": "100.0",
                "_formattedPartition_": "           2",
                "_column_": "predict",
                "_RespBest_": "0.0",
                "_DataRole_": "TEST",
                "_CumResp_": "100.0",
                "_PctRespBest_": "0.0",
                "_Gain_": "0.05263157894736",
                "_CumLift_": "1.05263157894736",
                "_Event_": "1",
                "_TargetName_": "Unusual",
                "_PctResp_": "0.0",
                "_GainBest_": "0.05263157894736",
                "_CumLiftBest_": "1.05263157894736",
                "_Lift_": "0.0",
                "_CumPctResp_": "30.0426742532005",
                "_NEventsBest_": "0.0",
                "_CumPctRespBest_": "30.0426742532005",
                "_Value_": "0.10128742007115",
                "_NEvents_": "0.0",
                "_LiftBest_": "0.0",
                "_PartInd_": "2",
                "_Resp_": "0.0"
            },
            "rowNumber": 41
        },
        {
            "dataMap": {
                "_NObs_": "177.0",
                "_Depth_": "100.0",
                "_CumRespBest_": "100.0",
                "_formattedPartition_": "           2",
                "_column_": "predict",
                "_RespBest_": "0.0",
                "_DataRole_": "TEST",
                "_CumResp_": "100.0",
                "_PctRespBest_": "0.0",
                "_Gain_": "-2.2204460492503e-16",
                "_CumLift_": "1.0",
                "_Event_": "1",
                "_TargetName_": "Unusual",
                "_PctResp_": "0.0",
                "_GainBest_": "0.0",
                "_CumLiftBest_": "1.0",
                "_Lift_": "0.0",
                "_CumPctResp_": "28.6023835319609",
                "_NEventsBest_": "0.0",
                "_CumPctRespBest_": "28.602383531961",
                "_Value_": "0.10007970926794",
                "_NEvents_": "0.0",
                "_LiftBest_": "0.0",
                "_PartInd_": "2",
                "_Resp_": "0.0"
            },
            "rowNumber": 42
        }
    ],
    "version": 1,
    "xInteger": false,
    "yInteger": false
}